p_mc_pur_AG,p_mc_pir_CU,
4.9167871671,5.33364346171,
4.61632523764,6.00206893365,
5.10925368184,6.09491378614,
6.16212369693,5.26328225937,
4.60704619107,5.29276328702,
5.62897431604,5.92289114241,
4.9643359117,6.69786386321,
5.64137054179,5.27483167482,
4.60507655985,6.35726354362,
4.89541968908,5.63964747727,
5.03035377396,5.42426911713,
4.98084628183,5.45244107879,
5.14873492605,6.31992259817,
5.62751863843,6.33095033402,
5.55513884844,7.91696778647,
4.86347802291,6.08126040862,
5.54572680158,5.96394152304,
5.31572070729,6.84124093574,
5.06735266673,7.69649758295,
5.24680302691,6.42954767531,
5.2351958213,5.94197339963,
5.00480962817,6.50194217319,
5.88556681472,5.78654611224,
5.14141579841,7.07473741281,
5.68501151656,5.87232420484,
5.43521347433,5.65977995996,
5.70613792295,6.37874209617,
5.25885387005,5.85332506838,
5.02529404489,4.80228321239,
4.90439133077,6.08844104517,
5.73221232236,6.03693210446,
5.75952127058,6.1147188652,
5.34686633812,6.27892931882,
5.63771690609,6.28688052726,
5.9071545857,5.78527939159,
4.44683568872,6.3208313813,
5.43572926109,6.42433566948,
5.43547530208,6.73480093072,
5.77073714066,6.28404276813,
5.22197520074,5.98443637276,
5.64475332554,7.11085288179,
5.27179051632,5.48742642773,
5.53554749564,6.40457903812,
5.07754410572,6.98255585833,
6.26609042351,5.96535959369,
5.75198327901,7.00332279684,
4.81145822534,5.96297889689,
5.67085444079,5.23913225733,
4.49185235593,6.05827950594,
5.97220295913,5.86509238879,
4.87638581923,7.07986143785,
4.21182364388,6.0216686901,
4.99385856209,5.55938124523,
6.18024368113,6.14370465098,
4.88786493701,5.48582414296,
5.25845252002,6.04378592553,
5.73554845823,5.44883443036,
5.03452809964,6.51690001074,
5.06111840606,6.11013241336,
4.91083400589,6.02499265347,
4.94547101864,6.1577499347,
5.92882074049,6.04208295454,
5.35305760862,6.14463328612,
5.49765513117,6.05101500579,
5.5074053105,5.81299820857,
5.42817879724,5.91960476947,
5.49033941367,5.87503670292,
5.46258052302,6.43260091671,
5.34577257719,7.20632156095,
5.42117020045,5.96363298278,
4.81505070783,5.99631869446,
5.07695426785,5.73600589163,
5.42787954028,5.8949597745,
4.93169844072,7.22483720469,
5.20389472613,7.53829951318,
5.28990062842,6.79864873758,
5.38242228253,6.51215997198,
4.87144607619,6.67190120885,
4.7873202677,7.40405962944,
4.90420591306,6.33053553006,
4.86619519338,7.02506257949,
4.92449207637,6.57900448943,
4.96022270107,6.11160486236,
5.1642716026,7.04759531345,
6.07599600659,6.02409453537,
5.91742410682,5.24735293799,
6.20212265953,6.34799649082,
5.20070617823,6.08333129791,
5.89055082834,6.23653723229,
5.47297521777,6.59629676402,
5.31132784732,6.14863903463,
6.07489472467,6.0553760469,
6.72732974195,6.83836733801,
5.28442055336,6.33817299981,
4.71690641327,6.04296247405,
6.19884405053,7.2546303177,
5.87213282279,3.86970040301,
5.27497730859,5.29488069083,
5.16923048076,6.63388117049,
5.09732858084,6.81766441119,
5.25118402393,6.17011764598,
5.5236452155,7.48290547806,
6.40928273496,6.14941088098,
6.40036537092,6.06460980464,
5.03511871353,6.33013144597,
4.82325495939,6.37923866362,
5.04851312365,6.35069401511,
5.79036258357,6.43600417769,
5.36209088159,6.53665875931,
6.36078857187,6.63700730134,
5.00550020013,6.40967533702,
6.01856575145,6.151839451,
4.99551220325,6.17862487222,
6.28481699405,6.01483959142,
5.12572604899,6.03441532132,
5.71384656117,6.05400486659,
5.84870143737,5.50712630872,
5.76258218226,6.13814283228,
5.55697104624,6.66957036678,
5.5411010172,6.12571168581,
5.38184512976,6.30350926661,
5.34720405525,5.82430711917,
5.52401366734,5.658201882,
5.57585539808,6.48657973046,
6.22640691256,6.38505199153,
5.10965780041,5.98456942565,
5.4725074791,5.97679890083,
5.22147562277,6.21740269018,
5.20138136807,5.99860074022,
5.26015706759,5.99524085488,
4.86725179099,6.06073790214,
5.5022104545,6.00140586065,
5.16651391988,5.81188919008,
5.27388816505,6.41712614719,
5.85416109456,5.87362511981,
5.562250209,5.29307084208,
5.96995448154,6.81657901524,
4.1444398317,6.20367834003,
6.13397273116,6.30757423364,
5.10500264937,6.09285354594,
5.05957228412,5.41702964334,
5.08852424738,5.64725641215,
6.25222138603,5.86002901448,
5.34054207944,5.86128160667,
5.33372253442,6.30128744999,
5.31434854259,6.06806944587,
5.42320028598,6.25022312487,
5.34980104893,5.99305372067,
5.78158313715,6.37939747664,
5.2481685056,5.52243304715,
4.99885327868,5.45352192381,
6.12627853545,5.34920603514,
6.36311238541,6.19495197473,
5.6026716371,5.82048861117,
5.12503520496,6.33744486941,
5.56224299812,6.05653380934,
5.21767402026,5.82945310694,
4.97458067884,6.53329025245,
4.4776533762,5.89327142689,
6.26646975967,5.60347281962,
5.61002663789,5.41984044136,
5.53365703546,6.23353602188,
5.67812878871,5.51918352895,
5.33113753994,5.73202569287,
5.39914428024,7.52803376386,
4.9756070405,5.56200343144,
4.68903502086,7.03602715064,
5.70627912036,6.08725544717,
4.75086263675,6.70464023479,
5.065887873,6.16184317512,
5.50631521911,6.39217138787,
5.10029017593,6.15256229881,
5.00922692484,6.31261569763,
5.58297850106,6.46897522411,
4.61568753873,6.40581098824,
5.27115646358,6.48918800555,
5.60211264428,6.48880524475,
5.41489211519,6.48456510719,
4.61919203003,6.52173179936,
4.67271506016,6.26687504449,
4.82736360567,6.35711448232,
4.66624319419,6.1132108721,
6.60094161538,6.6014481901,
5.08034718906,5.92986531573,
6.56335449002,6.90486381058,
5.04866851542,6.86492648375,
4.60516107709,5.66305929668,
5.56287881615,4.76535876133,
4.61013784295,6.43369683352,
6.27773331289,6.25547548723,
5.48563898476,7.09840678156,
5.54246811173,7.63584857082,
5.32553769793,6.25838912193,
5.97573061621,7.09672875375,
5.03795308351,7.01988981268,
5.64569716625,5.55364163892,
5.43869880077,6.28977794743,
5.86261267603,5.97926302287,
5.44145453374,6.29066500964,
5.40908976639,6.65489512014,
5.53868343299,6.98944173542,
5.39263805715,6.39386322561,
5.42329483444,6.22358491115,
5.21563849944,6.04043348461,
6.01734931897,5.91644948473,
5.78571324807,5.94299965702,
6.47884603374,5.3864106045,
5.66969691471,5.24404139849,
6.42150156477,3.66806281497,
6.63324819679,7.38078923907,
5.49361629606,5.81394460105,
6.2700682022,6.57536683994,
5.01504317522,5.9618026911,
4.37714439515,6.49704532959,
6.19743704312,6.86557111987,
5.96459452805,7.09164103172,
5.91029704404,7.53811054996,
6.02780113801,4.70199659574,
6.22036439666,6.6044064843,
5.73629446364,7.44610374362,
6.14340934087,7.23050950576,
6.13219225762,7.45762126399,
4.7712980094,6.44883875973,
5.10201226397,6.35529960349,
5.77078497197,6.38378503793,
5.72368341401,5.96404068695,
5.50508158371,7.23445024207,
5.41421529254,5.90285704272,
5.49551118878,5.99727381813,
4.30060302644,5.38266618809,
5.17096457124,5.87158791692,
5.18519941099,5.91484452164,
5.52662878046,6.5554108901,
6.19202359535,6.36810144571,
5.41633576701,6.53665247595,
5.48158884629,6.31036503415,
5.35704142227,6.51301000382,
6.41566993944,6.05186643381,
6.33353312543,6.28351727571,
6.14695537714,6.44414995914,
6.08125032684,6.10343195958,
5.80015233034,6.24751141186,
5.2780938526,7.1040073591,
5.37927000714,6.81483854777,
5.4085537588,6.5741058093,
5.33527829224,5.7715037234,
5.39698643066,6.18998378073,
4.73565597021,6.03332843111,
6.08184975558,6.14670264942,
5.22958087178,6.42202564111,
5.42476491548,6.29976990741,
4.72462321451,5.74463147376,
5.08081014217,6.39057552878,
5.01628549765,6.14108623445,
5.21592318245,6.25981635267,
5.14724889071,6.3263995526,
5.84565728508,6.50659039082,
5.05441566334,6.47820274921,
5.35531686738,6.09724283778,
5.11190662898,6.14581591095,
6.15760092482,6.28864585636,
5.30414077518,5.97883890385,
5.53592732611,6.02642373013,
5.63406745183,5.98956779716,
5.81198399288,6.79173888732,
5.45347144502,6.4337951857,
5.99912227759,6.1921310695,
4.86841658853,5.99244993735,
5.07517075392,6.22552417603,
5.76525002462,6.49033939861,
5.07417203745,6.39405364659,
5.22946914585,6.39327075709,
4.96743368168,7.67363971545,
5.64090599375,6.82621793265,
6.13874300211,6.39047798409,
5.38660143709,6.54264111217,
5.17989830194,6.561849543,
5.23583219884,6.55458916488,
5.53164087102,6.47484466861,
5.31124374517,6.19878621239,
5.24833155495,6.58767338024,
5.09497175394,6.35838201476,
5.57213056801,6.28136714804,
5.17013405751,6.91192336448,
5.68692276031,6.75070829537,
5.01184066761,6.67208517962,
5.09073589767,7.04479581834,
5.26171276538,5.58581616389,
5.17978935185,6.4088732565,
5.2056725353,7.08616521137,
4.5114794072,6.07099090224,
5.38138588871,5.97161168831,
4.91084734872,5.960283347,
6.95916121449,6.42489547342,
5.19610871845,6.30916080772,
5.1503071548,6.4397568077,
5.18484711488,6.30316087993,
4.95907412565,6.55108943871,
5.25348715682,6.49226719536,
3.77470350291,6.57307908006,
5.25370377729,6.31357621264,
5.14758765526,6.14166710487,
6.09049990657,6.09022427066,
5.1312107538,5.3777181786,
5.14913670848,5.61724487091,
5.15854286083,6.34576076847,
5.2243727133,5.51593829485,
5.78630929162,6.56487207198,
5.83424179865,6.33022923671,
5.78171208688,6.34145800718,
5.97338342082,6.70910660081,
5.94805860561,6.11291269833,
5.46903083446,5.9667710198,
5.4914511353,5.88067029372,
4.7417238436,5.73670301553,
5.66251644895,6.15851147593,
6.15957836222,5.06939833725,
5.55031536335,6.11003402223,
5.60994917251,5.73442744247,
5.68888742933,6.2590022228,
5.69311795479,6.06535608014,
6.11237096334,5.86287221829,
6.04723582857,5.19336972322,
5.80647636647,5.92889174528,
5.74726399552,6.49471837188,
6.3309949422,5.74648176228,
6.31171086588,6.18618839928,
5.56215387975,5.15225653423,
5.63521612414,6.36181001846,
6.43442215706,5.32229151421,
5.84083328451,6.03854001484,
5.73060028675,5.43740097335,
5.20313638417,7.51534842635,
5.46400354426,6.22462096493,
5.21702612219,6.36187341761,
6.25892158244,6.44870186155,
6.10987535448,5.69798768755,
5.53129819634,6.1268588194,
6.26016226292,6.10499896292,
5.34178265696,5.84436620128,
5.65195677304,5.53384027015,
5.11924513648,6.95217524428,
4.95723047985,6.23469151477,
5.3029680126,6.25806639171,
5.38131852651,6.08501926851,
5.06179376644,6.34856318511,
5.05125948297,5.96198770955,
5.23924265453,6.15417817004,
5.05735076119,6.07646142253,
4.80236757966,6.11121670399,
4.63217973012,5.81596149831,
5.0339362948,6.16643475664,
4.97807184148,6.03710623348,
5.28281166095,6.16406968703,
4.73694559095,6.45351412745,
5.22276351886,5.89229318084,
4.80506817687,6.02438315829,
4.99871101891,6.83069735756,
5.07389526196,6.40890588302,
6.27165376507,5.71198768946,
5.13414674332,5.93889069189,
5.24448358183,5.41699799933,
5.23420034553,5.71800516565,
5.27186421501,6.12354111363,
5.25708338722,6.4519117458,
5.87056510685,6.11878048001,
5.32052740403,7.68301364123,
5.02710412296,5.81955207721,
5.92235494821,5.46817304174,
6.19732159459,5.75990237982,
4.75490923179,6.43720593523,
6.26496273242,6.16000840084,
5.13701602315,6.26279627285,
5.19998507835,5.83577812769,
5.1558887659,6.38555511396,
5.33587612681,5.64329148824,
5.56785618622,5.62578474407,
4.99483055726,5.82712979156,
6.00852410158,6.06336581146,
5.69473732194,6.46771612862,
5.58022719182,5.64861967889,
5.0675644424,5.59432027815,
4.68445751533,5.95966152228,
6.23816037622,6.2172093093,
5.52536108977,5.81926923095,
5.01530084751,7.02231103037,
5.42954793609,5.78621216257,
5.22074945827,5.86181931297,
5.01527955349,5.88915222042,
4.33913700505,6.15559539895,
6.57784297235,6.1094528773,
5.56393864991,5.81164869835,
5.76255066204,6.20020268114,
5.64228285115,6.30171873211,
5.33350949651,7.30729835629,
5.23372112962,4.233600958,
5.16186388359,6.01690160999,
5.60142816736,6.64614059341,
5.97571021545,6.00869113337,
5.34246167703,6.72574144376,
5.34989149568,6.21783488881,
5.60691665377,6.15563644643,
6.25075541464,6.05410507623,
5.11830041561,6.08570171338,
5.48921957911,5.76677922843,
5.28039501155,5.54558375429,
5.19053345845,5.48347996529,
5.78042476094,5.93877674844,
5.19424281222,6.04000845724,
5.26191869314,5.29790032175,
5.19376859262,6.73627288458,
5.23802900553,5.79141763943,
5.73482398854,6.10455892686,
5.12069297655,5.63090133403,
5.22993166837,5.48682386484,
5.27193782961,7.30816530856,
5.50933172729,6.30552764302,
5.90268779493,5.93123114108,
6.05135456725,5.95165777887,
5.66730954317,5.08494835355,
5.56255930736,7.36080147619,
5.12235413029,6.85749539298,
5.20155471648,6.26786069873,
5.26358170675,6.29230025567,
5.13638107291,6.49141189386,
5.19166911323,5.41980485033,
5.12142712536,7.61923480535,
5.94061199939,4.75417547039,
5.25759147334,6.18850299806,
5.31338311653,5.99943324489,
5.38173702592,5.76279911573,
5.78514419054,6.06452360035,
5.22468839041,5.95050654724,
5.20436726743,5.92434772709,
5.12860752643,6.76387096334,
5.21051040522,5.77427454008,
5.33198432255,5.97704749342,
5.18968177629,6.0840349437,
5.04048134816,6.35428734157,
5.20414876283,6.53394407074,
5.16680426991,6.00517445611,
4.52285114651,6.03751593532,
5.48070145141,6.06757091059,
5.37017263197,6.19285524936,
5.25986698942,6.31964134948,
5.69100807082,6.49972191664,
5.01363113378,6.39878083605,
6.14588714799,6.32705273083,
4.20886143144,7.01606356223,
5.61699862213,5.69313210299,
5.37563378902,7.22096476912,
4.83403487019,6.05724450317,
5.07063613296,5.7538179918,
4.67649965767,6.41086527753,
4.37824255561,6.46243829318,
5.66661795053,7.44267136326,
5.83666880699,6.3176167809,
5.63322075957,6.1998746178,
7.09490704799,5.64877874775,
5.26210579462,5.96146791073,
5.78319605026,5.71032982027,
4.72928116058,5.64120793795,
6.50261683403,6.72482049433,
3.64742120678,5.46840934737,
5.98830259436,5.75087844422,
5.38128250576,5.50070439976,
5.01139788978,5.76053354133,
5.59178992777,5.5340045942,
5.56767812171,5.51158181104,
5.52080529104,5.97238321679,
5.07937643146,6.23649130793,
4.72505091994,6.10338915288,
5.7009320088,5.60551834177,
5.09703822477,6.3752595232,
5.54116548931,6.18830777841,
5.14900684456,5.71904423826,
4.54988784009,5.81901723823,
4.20326260578,6.00287784892,
5.05294268627,6.07348755063,
5.56388287931,5.87731890446,
5.18673648964,5.69538707014,
5.00600322967,6.45777490438,
5.22843996924,6.09029335897,
4.98862509072,5.56244452336,
4.95266164004,6.64948051659,
5.82000652292,6.38934080501,
5.04089346589,6.09871063653,
4.99086507489,4.81456705595,
5.16930366772,4.72024473992,
5.34160914073,5.54871839609,
5.29218181046,5.61234468946,
5.04983589513,5.53673029178,
5.34429424976,6.10138378427,
5.41620690403,6.00830775556,
4.99235899797,5.96002126615,
5.27252776224,5.61468164129,
5.45906325924,8.13097218749,
5.42496682984,6.67378393054,
5.24843870443,5.42646124843,
5.13919180507,5.96690893462,
4.98094129258,5.56355875628,
4.93188380733,6.51728231737,
5.46845297838,6.04631245478,
5.56929872078,5.23123546209,
5.75915154018,6.15753210679,
5.67181023577,5.95023484116,
5.87552310885,6.35676557596,
5.09554608034,4.96699863074,
4.55860310971,5.37554539052,
4.72175144028,4.57489100698,
5.0321879056,5.89183506623,
5.07680642511,5.94473899523,
5.08587292703,5.35203314451,
5.50635562383,5.19880539024,
5.55340734883,5.69123262731,
5.28181286888,6.24594188994,
5.3821674108,6.74490897179,
6.32267491477,6.50443714876,
4.91600463808,4.75891198593,
5.29316740272,5.42951767665,
4.766053841,6.85747817796,
4.60180312173,6.32277343269,
5.03289046304,5.83806250514,
4.69225703232,6.20594671143,
5.77656391971,5.80429212274,
4.93900042837,6.49811956522,
4.58752844918,7.71603967751,
5.22832988241,6.27164896767,
4.84316625577,5.86346029331,
5.49205227558,6.49297549878,
5.29452757748,5.85231412114,
4.81189900097,6.31398472803,
5.19822951692,6.09516930997,
6.3420950838,7.02092293511,
5.32210606901,5.86565614115,
4.62603405441,6.29001338724,
6.89075138025,7.10308058997,
4.93127717039,5.9853445971,
5.33638228047,6.49897835635,
5.05030069671,6.26798470644,
5.36902190817,6.42927146777,
4.93167572283,7.25450478138,
4.58048995915,5.53526099115,
5.95243618581,7.28993432223,
5.62603033129,6.22259769664,
5.36360722795,6.51885902646,
5.55808098573,5.71833635608,
5.2299599127,6.24517092386,
6.56901949804,5.3974436661,
5.93741041306,7.17815584432,
6.02178994393,7.60465120496,
5.70233032061,5.61630128345,
5.00520558696,5.84885795608,
5.16711129547,6.58756323546,
5.38885138452,6.22336016611,
5.20240482563,4.9028062118,
5.71915622178,6.84556680969,
5.29110269595,5.91668005591,
5.42635962746,6.47971058436,
4.55631199577,6.08413654474,
5.80091124265,6.07578137815,
5.436528974,5.79309406604,
4.95918621245,6.30684748757,
5.69947650763,6.84724634887,
5.40790942963,7.15190254197,
4.62602519859,5.75871270558,
5.70904036304,5.60007773052,
5.70047684242,6.41027168712,
4.97295278774,5.84606119094,
5.06453838224,5.23835984543,
5.34019509258,7.40892304054,
5.29281328041,6.25446929892,
6.06052561907,5.82764764548,
5.40346128955,5.99150347295,
5.21808653547,6.20006076547,
4.91829382102,5.8222875261,
5.73361074048,6.30941821178,
5.55064423845,6.46021377081,
4.90021115864,5.70168170164,
5.25034755209,6.00177535104,
5.18888785885,5.81349651786,
5.47162853721,5.98296915389,
5.05183406972,5.92618694142,
5.41079634352,6.09528863104,
5.38125310869,6.10139187451,
4.47491734601,6.08629977791,
5.67642448999,5.70579913065,
5.77211733396,5.33408659963,
5.48615502498,6.69295168665,
5.3116867658,6.53477682527,
5.04883616642,5.91007952634,
4.96683734206,5.93795710723,
5.73176426587,5.78547137714,
5.17512985635,6.20386823214,
5.19548750984,6.45985427486,
5.45140191931,6.58993020862,
5.28385685167,6.57643678909,
4.53160273129,6.38851856484,
5.32278880101,6.5134638337,
5.48872016228,6.40317685068,
5.55327732644,6.51739440935,
5.43187233659,6.46594846152,
5.49097523752,6.58591306199,
5.07630315578,6.52312257815,
4.69083090248,6.46172212447,
4.93455360234,6.33701914238,
6.19243307222,6.45472597053,
4.72267771718,6.44165407376,
5.00333306058,6.38344950793,
5.1802290057,6.35594083372,
5.12681616898,6.37403813427,
4.84169501354,6.34117976552,
4.99106031606,6.52078735479,
5.06706231103,6.01755791423,
6.52373866963,6.04769827957,
5.45378736359,6.08975749617,
5.55715667968,6.00551688891,
5.50930998906,5.58434794275,
5.46932229005,5.31040913288,
5.40609659479,6.02682340679,
5.4511493843,5.98308684125,
4.84627941604,6.04673380321,
5.2684485472,6.10657071236,
5.57646276208,6.33038559526,
5.40428440652,5.83794915232,
5.4079967651,5.96221775551,
5.46614725389,5.90965466467,
5.46275156765,5.88957055685,
5.52002778049,5.82423286901,
5.47669447697,6.01699852067,
5.54327021078,5.76902579914,
5.4597787345,5.11053071617,
5.41575967663,5.93409953272,
6.10990243771,5.77552696656,
5.42538555691,5.75254697428,
5.31882804782,6.00340362811,
5.44148212989,5.83868014371,
5.37517394918,6.98994999986,
5.36717168692,5.51948788819,
5.32801575259,5.61840044454,
5.11287978184,6.00989426832,
5.48000010136,5.6562868547,
4.22601620492,5.83402154282,
4.58569875422,6.54620458095,
4.19029374617,5.56582126335,
4.9067875607,5.55309477147,
5.28008802229,5.85203827567,
5.47160413757,5.85719436886,
5.34839854693,6.34506884257,
5.88774950946,6.32621730751,
4.9316820686,6.69411541765,
4.58251729577,5.88270959649,
5.04768094102,5.9483010923,
5.35801636492,5.87863516014,
5.26887627398,5.99635869964,
4.97646902471,6.50362105559,
5.38731463519,5.62116221908,
5.50491295918,5.91308252316,
5.37963570039,6.11211541891,
5.45905053804,6.340621534,
5.33772287222,6.07004874098,
5.50698544866,6.03090819026,
5.15507886742,6.05559768846,
4.74770563643,6.08570924097,
5.41726083587,6.12763258974,
4.6455149311,6.73370680102,
4.84275756984,6.21594900268,
5.32933802866,7.88655502815,
4.63488956007,7.40694143376,
5.04834144421,6.36639623469,
5.00733016517,6.22461138197,
5.28186119228,6.0892058912,
4.85024563465,7.14326708421,
5.39324817236,6.8409360776,
5.34591806994,5.74301735919,
5.38334963887,5.18441127692,
5.23663170496,5.77110592045,
4.58677869522,5.9443228177,
5.11153091226,6.25555325314,
5.12611278516,5.58784623377,
5.06020036128,5.53318913459,
6.34978079966,5.7453401688,
6.41232246235,5.83852996987,
5.30704879106,6.24126214772,
5.65111832768,5.25765094723,
4.97919216931,6.01394857265,
6.15166385304,5.88191320137,
5.37792700849,5.97868857572,
4.63087255164,6.39719543792,
6.32977032261,6.34608859464,
6.22523871484,6.1220945229,
5.04054547963,6.70406094272,
5.30535625352,6.42493720561,
6.7175756489,6.25827810604,
5.38219839364,6.35117517888,
5.34065414473,5.80420849962,
5.52196260861,6.36260295871,
6.79639495013,6.55902899951,
5.3232239322,5.67405102819,
5.36779539764,5.83717934657,
5.943824479,5.88041499367,
5.75550197592,6.91258857804,
5.38507903429,6.71688583332,
5.39237865956,6.49790370854,
5.16324729675,5.95334837134,
6.32487590079,6.19196270659,
6.72851603561,6.68778633263,
5.3393869907,6.12496064338,
5.37237974375,6.19452605522,
5.43227015198,6.31919083242,
5.31790979515,6.23771955564,
5.34398531417,5.46307069378,
5.23288647123,6.11722062992,
4.57055913601,6.1566095448,
5.1372966211,6.29794512962,
4.92146509309,5.80573624682,
5.16604193061,6.05870408834,
5.30483391925,5.76351636811,
5.26135480175,5.42806656403,
5.01294965034,7.72547313091,
5.17714242837,6.80040600182,
5.4442093127,6.73662533195,
5.41380159754,6.32905575254,
6.1086108334,6.73432567585,
5.268866578,7.6651116502,
5.21279642165,7.90218397784,
5.84849628548,5.19048879928,
5.41726905802,4.01829614944,
4.46135117661,6.27350360786,
6.87608764395,6.85975302489,
5.18667267207,6.39232759889,
5.56614329493,6.51742484437,
5.4427319212,6.06001442614,
5.65734860796,7.61171124692,
6.25553394434,6.06483758867,
6.33500564281,5.86708285781,
5.45094719551,7.03450648382,
6.31855910888,5.6864443883,
6.35676279164,6.43882151276,
4.79562289832,6.4580551409,
5.69849924071,6.4904174902,
5.77494036073,6.6473885093,
5.47184161594,7.41960545667,
5.6026249063,6.52014521249,
6.27543412738,6.37694745155,
5.13384830659,6.34725847123,
5.22873899194,6.39156662882,
5.22230708658,6.68003330357,
5.29154750644,5.85166232448,
5.80271594972,6.10451643512,
5.27026449967,6.29550043753,
5.43529183753,6.35474804282,
5.7254696414,6.79311755299,
5.93419653853,6.66355862773,
6.18384310579,6.39646755138,
5.31298212169,5.84973258844,
5.60299523239,7.25922942563,
5.72142895284,6.86423712163,
5.17230408617,6.53531779771,
5.3148924626,7.64346590859,
6.17643296362,6.40432667224,
6.42701813239,6.92361794484,
6.47240279706,6.62557064156,
4.85598311369,5.67489565844,
4.80294451225,5.83101999891,
5.77755938139,6.93967314847,
5.10739734634,6.60866600312,
5.8133259912,6.56224257818,
4.57991599211,6.58613726755,
5.36966212018,7.41995705624,
4.7645916409,6.73893320787,
5.92131332196,7.22006353168,
6.53842200836,7.2418876857,
6.12486230573,5.95120863147,
5.42622311751,8.17148518615,
5.40443174638,6.75202630552,
5.42673563041,6.54510056074,
5.24185012354,5.90587024472,
5.69506115195,6.01673707263,
4.57409386592,5.83094072631,
5.57287019345,5.6426333928,
6.28844162164,5.98021857869,
5.66182910458,6.16755687459,
5.89812106178,5.95116835989,
6.1303783527,5.67752587411,
5.44354124705,6.21667604691,
5.50985212694,6.17013595582,
5.64386580327,5.87686640777,
5.47277498399,5.95443795358,
5.4396027857,6.11361777515,
5.95763996006,5.90397297477,
5.82739884731,6.03806904425,
4.88096503113,6.196109575,
4.6258058054,6.73758327609,
5.61022782562,6.52354154338,
5.30734499807,5.91695303265,
4.23279748994,6.22804427203,
5.5140626311,6.12004860075,
4.73902068401,5.69214099225,
5.12643335676,5.89480366717,
5.42783015611,6.00677349398,
5.68912543569,6.67580270783,
4.94724689456,6.07396408886,
5.59164345293,5.94144255838,
6.61695527228,6.01948547439,
5.47534254239,6.32971302579,
5.46003521791,5.83540246009,
5.61053459088,5.3090263135,
5.73560543109,6.39915706366,
5.26445016984,5.502440133,
5.67112630245,4.6848449875,
5.32881582362,5.97909244797,
6.4190309235,5.20027805747,
5.82537741626,6.3422903969,
5.70439299046,5.34811319685,
4.90773012649,7.93777206045,
5.67389792998,5.86379959572,
5.74157211615,6.27462407485,
5.56289216228,5.56773661309,
6.73730509004,5.71749018033,
6.27980634231,5.86800308763,
6.35606872552,5.96116572588,
5.3987563889,5.89241506792,
5.31278616815,6.09614850431,
5.42998982031,7.45701302556,
5.83425485477,5.80035002057,
5.19428701856,6.21773890595,
6.29039086694,4.06822847379,
5.64386829257,6.08756027459,
5.32349872011,5.7571867416,
5.2031093621,6.01135623167,
5.21472055782,5.80757434397,
5.7833607681,6.09584392353,
5.97308547419,6.23240233526,
5.39864638872,6.30016945084,
5.94167848246,6.13379545952,
5.28847563746,5.97124800583,
6.25214521741,5.68281835756,
5.96987571322,8.23151890516,
5.4111000279,6.95287013624,
5.16209943463,5.59158555822,
5.40957942473,6.01511468645,
5.24809459496,5.79980456341,
5.13524223569,6.28833923616,
5.38428338143,6.35792930816,
5.39993361958,6.34313447897,
5.4996370078,6.49788061804,
4.67146617577,7.12342044538,
5.1638897956,5.97920460079,
5.10984401702,4.92527895963,
5.43453806938,5.13789524325,
6.05687121702,5.16169559641,
5.41451841414,5.99727470659,
5.83229088848,6.80734749849,
6.17707460343,6.50648629318,
6.7972032866,5.68903904439,
5.47190473407,6.30286350197,
6.08338206432,5.848675584,
5.00591491385,5.67699692598,
4.73668753604,7.0269942485,
5.06464620697,6.26386326057,
4.99966371068,6.46232760869,
6.04222672171,4.95452240102,
5.49016224,6.16573660966,
5.72936531124,7.05616021763,
5.66281520366,6.54082973336,
4.80301218316,6.25447005129,
5.1781924226,5.7287559978,
6.38579717562,6.18023633372,
5.97302822859,6.22302061367,
6.2583519418,6.2453270659,
5.57687439159,6.3500393715,
5.27025822276,6.43922869256,
4.98679994456,6.40293808972,
5.02063942374,6.32947337966,
5.44781672539,8.04145887696,
6.03175018221,6.04338671727,
4.6992414958,6.25092850447,
5.0593458144,7.09947210587,
4.85541546855,6.57230256103,
5.23200110462,6.59197376169,
4.76259388724,5.98471807623,
5.34164302304,6.14128074176,
6.36072398558,6.06313057688,
5.05084873942,5.34335445175,
5.41419826905,6.19143484693,
6.97886815478,5.50456531151,
4.5592749383,6.67455162136,
4.88105385046,6.42212956273,
4.9887971968,6.42963031754,
5.64315804894,6.21934246352,
5.99012581967,6.149675466,
5.38342028122,6.25791185441,
5.49090800767,6.10978978939,
5.11041118182,5.32798947793,
4.7371292338,6.69375040164,
5.05742134361,6.16811367017,
4.9511584193,6.79415629701,
5.74081926584,6.32863429011,
5.89530643592,5.99838820969,
5.26676091658,5.57082016279,
6.22838829119,6.36739692656,
5.91495693934,5.96652376566,
5.4647938366,6.33780467055,
5.69085647373,6.57524875557,
6.34328022726,6.30944369956,
5.79288118376,5.82560258759,
5.42798935744,6.01855481324,
5.42900806636,6.00374679317,
5.45728953324,6.08354099262,
5.54453093236,5.23347293712,
4.9618968207,5.9461493664,
5.49020032266,5.7746987821,
5.18538490514,6.35347019319,
5.30867308191,6.06320332102,
5.47994862783,5.93034733015,
4.15857767605,6.05232041532,
4.98348561327,6.09974414668,
5.5449950113,7.35234506492,
5.04148964851,6.09130218194,
6.02819082483,5.54569396797,
5.71061427495,5.35132882166,
5.71853685139,6.044407211,
5.08870493247,6.08428026505,
5.74415352493,6.07391788167,
5.25619907834,6.26929636312,
4.52023045714,6.0020061721,
5.90980809013,5.87807261141,
5.72686509478,7.33501040877,
5.73130056538,5.17830126119,
6.63260757935,7.79979834376,
5.27174279205,6.24716475932,
6.11536806405,7.46477332175,
5.29390990962,5.79372646675,
5.08316176197,5.62414186483,
6.65125504371,6.00102925763,
6.02279818276,6.184981367,
6.10846261767,5.64745610452,
5.77016810986,5.73981448569,
5.16103622189,5.81406702411,
4.94286298427,6.38233392806,
5.16037324934,5.91206758219,
5.35061560926,6.04878849351,
5.05595624099,6.15091127828,
4.57844200591,6.29041142632,
5.77552079495,6.1931948381,
4.92188773826,6.76015571562,
5.37877632792,6.10629806644,
5.22176233866,5.98046318958,
5.16816285715,6.14671526718,
5.47000202528,6.29444608447,
5.34802031232,6.14493079597,
5.16376533718,6.35351055627,
4.82210242426,6.12849086727,
5.12887668632,6.06961093391,
4.61688487003,6.41103066631,
5.72081324698,6.21357547795,
5.23673059143,5.90824235653,
5.65474283713,6.0954859041,
5.17594529692,6.4385685123,
6.6978254086,6.13514013075,
5.06390154608,5.79148175168,
5.05062031943,6.57009474772,
5.00496504901,6.6409044936,
5.38445226605,6.09398097937,
5.77977837169,6.93187780215,
5.65339886016,5.90774781757,
5.59866761269,5.96513113702,
4.15937514422,5.57793423068,
4.12026277607,5.79646221003,
6.67246095359,5.59252046973,
5.31239166626,6.03520112025,
5.18790908059,5.88291062294,
5.14360452334,5.51973344618,
5.15137057409,5.93461501684,
5.2476232733,6.16910714622,
5.19065551487,7.05182659504,
6.12952391884,6.19757287064,
5.74649429508,5.94103220181,
5.1581588572,6.13580590002,
5.19860916832,5.31327691418,
5.04742545737,5.86549766524,
5.11900044579,6.3720898956,
5.84699187666,6.22178124766,
5.36580668889,5.69337779935,
5.23038842339,5.83162904265,
5.81617961496,7.00732907974,
5.67715533361,6.1079527122,
4.85609525643,6.848071887,
6.07697589412,4.60188536083,
5.490506015,6.05454154465,
5.21736919702,5.69824050296,
5.59590165105,5.26653573409,
5.13943801034,6.10846382088,
4.97503745297,6.32652563875,
5.35559576413,6.17845855091,
5.0222010299,6.05254278426,
5.42445499452,5.81510997,
5.60352083444,5.31015647604,
6.06914717783,6.34892332884,
4.67866987216,5.82467792328,
6.40224934419,6.54087089683,
4.7242200063,6.44356585457,
5.1195196174,6.65880714351,
6.46296889347,6.28576465638,
4.80757231129,5.92201280983,
5.34967986916,5.60892007475,
5.09477878342,5.66324092574,
4.99290855089,6.30714907227,
5.46918112741,7.41056458969,
6.07644458503,6.1755790522,
4.67308672928,6.17654416703,
4.71392273455,5.92776457597,
5.43689119033,6.07344233724,
6.06262552716,6.2339145468,
5.27198794495,6.11207977301,
4.44915943252,5.91247773408,
5.22007528661,5.88727849287,
6.15233807062,6.42885288348,
5.73189161847,7.3830050132,
5.44957753148,6.27092707731,
5.41042777544,6.19975955349,
5.25387913914,6.0232542128,
5.38156254305,6.1222286607,
5.52328043253,6.0290741761,
5.5507619334,6.28875355205,
5.42239169976,6.62567441152,
5.76415570003,6.08838182607,
5.29475863252,6.13406331805,
5.36499366281,5.97496167065,
6.42198952115,6.22911723028,
5.01326736376,6.0237932288,
5.93714987986,6.27950100313,
5.0864893732,5.99979453182,
5.46596549889,6.09588009052,
4.70144099036,6.11343238406,
5.1847620761,6.19879353577,
5.44759538798,6.08334697083,
5.31971503755,5.96715517052,
5.25295374765,5.75995796033,
5.12368926303,5.76168708125,
5.29174906572,5.85967861089,
6.20783654732,5.72956134188,
5.23822874384,6.14232203697,
5.68887886526,6.18865232503,
4.77083591331,5.39487498394,
5.147389932,5.73745702277,
6.80312003063,6.14727975373,
6.05912282619,5.5806519967,
5.26960258041,5.60154517431,
5.10933281328,5.55131011862,
5.33686028118,5.88511135648,
5.29393144073,5.89185518377,
5.09807365015,5.60245684368,
5.93112465091,5.46577707005,
4.85223259503,5.42193184146,
5.45197517219,5.6605162578,
5.39967944998,5.95847536357,
5.25939181879,6.37440467923,
5.08736167436,8.2294603884,
5.25557065649,6.72787577059,
5.26924009618,6.50279612863,
5.4494559806,6.29456545745,
5.42557270225,6.3923392104,
5.23797461439,6.24423910642,
5.36030473468,6.26838672799,
5.41357858328,6.44078306375,
5.32612889391,6.83509125657,
5.1037202219,6.65474349146,
5.27887667224,6.203349372,
5.3470315712,6.56665513228,
6.21922938547,7.38369680391,
5.07665538527,7.02645325564,
5.09372403037,6.73706338273,
5.3849613975,7.24913784159,
5.69327019219,6.31154465561,
5.20066828426,5.98278276194,
4.8662664654,6.96035744001,
5.34128332215,6.19256997845,
4.8499502455,6.46641600758,
5.02923720975,6.64230611172,
5.01646529305,6.25680340276,
4.74082999718,6.26318420519,
5.02320190921,6.09558882569,
4.77027507544,6.24343622456,
5.04685866294,5.62995887925,
6.83164064176,6.49100058323,
5.40372385148,6.77029299075,
5.45990644079,6.68730491316,
5.57592583911,6.22712009734,
6.59698175472,7.18507082288,
5.13488750215,6.04459510999,
5.39457236587,6.25123424915,
5.46539528409,6.0191084508,
5.50810508165,5.59346947281,
5.55563792396,6.13036685693,
5.12611747927,6.08855097163,
5.26292429409,5.98538415098,
5.41838033427,6.04808311843,
4.90971461279,6.51889457835,
6.18733569496,5.83297841589,
5.8263476497,7.41006716866,
5.33440594241,5.68419958708,
4.57033163584,6.97364681197,
5.48534177387,6.48501040254,
5.34372026734,6.76421610082,
5.57555688812,7.57930810333,
5.84240270266,6.70019190493,
6.52265209156,8.58533102794,
7.08938843271,6.40956386421,
5.87554699302,7.19726356545,
5.16058397156,6.74843647165,
5.50762170503,7.63379094277,
5.89079101075,5.96087398367,
5.52837867705,7.58673979146,
5.47015752275,6.63688840134,
5.56653715287,6.10211704935,
5.32202908408,6.19520402106,
5.03435465057,5.80122121486,
4.7470615545,7.01469945859,
5.5291521635,6.02236566086,
5.38379707265,6.18392954891,
5.58889645343,5.46499100044,
5.49732229314,6.09547391688,
5.5565956361,6.78779592943,
5.09368644405,6.08902332281,
4.80507903485,4.80606943747,
6.61531453761,5.91495084683,
5.58323517958,6.10208431187,
5.41335521468,6.01958301069,
4.75233595197,6.15271378411,
4.94760108982,5.42884190555,
5.25071697001,5.58407212638,
5.53128084146,6.9472290265,
5.22061904901,6.47916490919,
6.00102638144,5.8104206312,
5.17276669089,6.92532235805,
5.23482898895,5.45061838582,
5.32665813085,5.9009203427,
5.58347993538,6.78521964093,
5.57675633848,6.82875810538,
5.25683565907,5.39916073273,
6.84097392515,6.78252500096,
5.50449792012,6.61446324656,
5.67358905347,5.71823138465,
5.55837199517,6.87835561574,
5.46613739138,5.19550688279,
5.71353859043,6.1058667146,
4.72735231645,5.0638289612,
4.94382620356,5.61876504791,
5.83834751002,5.89392952656,
4.67696416874,6.84074411598,
5.53595050979,6.71158522305,
6.1346364102,5.90242064659,
5.46745876243,6.97410894967,
5.50393092107,6.12244584166,
6.31165031214,6.12124385679,
5.25119864039,6.04821400271,
5.16687761823,5.62848779909,
5.2362959128,6.20854689055,
5.84715358433,5.8491108842,
5.81091699299,5.97006042997,
5.24477561137,6.09507094588,
5.35241910744,6.01080084642,
5.63429563031,6.12530737129,
5.52908386498,6.05610309819,
5.1728941321,6.07718212918,
4.48976387715,6.52163829062,
5.16646406383,6.04031229845,
6.10519540005,7.75854080137,
5.08203096386,6.5304891398,
5.16082357385,6.47561878915,
5.82530286587,5.30924687776,
4.76425332725,6.38590322771,
4.95519778107,5.4224562009,
5.41268347628,7.22211591616,
5.79925316885,5.51637907492,
4.87780792679,6.44092241244,
4.33747440626,6.21463692091,
5.15466745283,6.22586006439,
5.25725678031,6.04458520845,
5.20345324909,6.93653034038,
6.23863533664,6.84614111555,
4.96635405858,4.90770945715,
5.79128558384,3.72799286598,
5.14346828661,6.01233933922,
4.69235771339,7.73796554112,
4.21331627728,6.10781568716,
6.00980566049,5.78158296441,
4.65047127196,5.98775394961,
5.72991047406,7.23288920179,
5.73530302672,5.85904293034,
4.95595868421,5.88170615671,
5.34489360822,6.52852749761,
5.61525928982,7.35064176348,
5.45194414931,6.41141386313,
5.89977443568,6.52334857754,
4.15570483623,6.46143525597,
5.75363133287,6.58264076478,
5.05684154416,7.19118039961,
5.99830342724,6.40272813557,
5.39179462248,6.58588531156,
4.74826152835,6.40164256654,
5.31987166874,6.43159155185,
5.3056878381,6.48437214211,
5.47158445543,5.82016724352,
5.45891957386,5.70548194779,
5.39422784227,5.84578730831,
4.47447116481,5.8007089621,
4.9887255636,5.96967263125,
5.43650752573,5.50974513715,
5.47196062606,6.27881008464,
5.41343655438,6.18140210872,
6.31185014018,5.97329240877,
5.44053631876,5.73252346274,
5.45920348846,5.26005634275,
5.90730831366,6.71772743982,
5.17850087748,7.05498755092,
6.7554086657,5.75183776648,
6.51052372213,6.00048424977,
5.62646562137,5.80653898422,
5.48044128995,6.20433270542,
6.46066499741,5.81079650628,
6.85424737392,5.98977005805,
5.42203347249,5.86718425161,
5.01853519161,5.1049978107,
5.02336510514,6.75127199275,
4.7985397198,5.72942000257,
4.99819571512,5.83070539537,
5.29689552494,5.77845460334,
5.53743007553,7.78630605909,
5.56471060917,6.83912584824,
4.62408998004,6.00807629085,
6.41365225859,5.92210297752,
5.59451756469,6.60087612436,
4.73593841554,6.42684077678,
5.95651319249,5.72957752135,
6.33391881368,5.49502652044,
6.06317144178,6.97785254699,
5.54673715549,7.71825879256,
4.56994881256,6.36904975938,
5.30728578893,6.06194147384,
5.89559422162,7.00888438946,
6.34316163229,6.18124419485,
5.39335486909,6.20040304808,
5.51711766501,6.23115543075,
5.53082737954,6.25183074519,
5.47661006921,6.2420279543,
5.43276167059,6.39717302555,
4.88699524834,6.72219545413,
6.2157627829,6.19045909493,
6.28392284978,5.6838962256,
6.00785159282,7.4457141022,
6.36149927568,6.950394011,
5.54919925157,5.69121048742,
6.01600621204,4.683920291,
5.50272594119,6.64386673382,
5.49212773031,5.74900368145,
4.9742301117,6.12874756215,
4.61647700835,7.10423534981,
4.6660690126,6.80513326393,
4.87657246245,6.05417771357,
5.00281865374,6.05597823831,
5.13535591284,6.16030619291,
6.32242651105,6.30153463358,
4.73228463961,5.99542942562,
4.999857823,5.53163470644,
5.30086270397,5.99837333316,
5.59620539338,5.86145914487,
4.4846425283,6.03501888852,
4.19750707576,5.94276189817,
5.66168976412,6.14272701624,
5.1062609202,6.19903332797,
5.3667178254,6.46185948688,
5.1808527813,6.42572791672,
5.48468633044,6.41551813741,
5.71417769861,5.6419128546,
5.43433865604,6.48611127481,
5.12485144181,6.66190553565,
5.38279532637,7.08593139408,
5.36193852244,5.32707196837,
5.21641031663,6.47812561437,
5.61314371528,7.68762121799,
5.48883439969,5.39881092077,
5.35069037651,5.76595190338,
5.38281929664,5.95340565619,
5.52851586075,6.13569105159,
5.00900618144,5.67009649436,
5.40170815147,6.04644039284,
5.38923439688,6.56105151461,
4.57346723028,6.80376771272,
6.61046380868,5.98614693858,
5.68873134732,7.26493268884,
5.45377051761,6.13701782305,
5.37027857739,6.63161956255,
5.77493393078,5.62653455494,
5.40023793827,6.83709315864,
5.17513170642,6.33869520972,
5.1960958612,6.4314490295,
6.1241025498,6.44920669656,
5.85716066966,6.73712452372,
5.72611742432,6.37041438256,
5.32453595067,6.05332840246,
5.2522894666,6.4010137492,
5.14046523827,6.5487539096,
4.925021714,7.11477584524,
5.6270255972,7.65123454651,
5.06210052497,7.20817546177,
5.5024803454,6.12825089939,
5.28877037016,5.77465706544,
5.44613793532,6.13138252117,
5.98527038529,5.28262438791,
5.25002735487,5.41624941861,
6.34015459285,6.43577075888,
5.55186288099,5.81780191454,
6.00641711727,6.0675818349,
5.18337044684,5.76348718784,
5.26265426838,5.95065338934,
6.27702873342,6.30352245336,
6.16788316218,7.9204900999,
4.7836427061,6.64017139345,
6.38717379172,6.0230611245,
5.93143885574,5.86806447445,
4.77917554937,5.37442278717,
5.33678514154,6.16911192475,
5.0751396985,6.72064456383,
4.6326373439,6.38760451436,
5.0641961842,6.49368593364,
5.04578543591,6.87440028939,
4.75418065712,6.80078017806,
6.34676008076,6.89580137007,
5.51174444939,6.78348769272,
5.45039888222,5.77032676783,
4.74736148765,6.37653287426,
4.89883303829,6.14117357004,
6.25055308834,5.33421353352,
5.27910698833,5.12598230593,
6.04435535708,6.07716446973,
5.23123270614,6.45429386321,
5.13252673233,6.54962253355,
5.23883834932,6.42230116024,
5.14844911615,6.30336558317,
5.45059352005,7.26359654783,
5.55788382002,6.31201866192,
6.50721376535,6.55864354274,
5.2976340534,6.37677196417,
5.19990924898,6.00151755292,
5.51220560815,5.65534486301,
6.37501942704,6.1249153543,
5.26449288629,5.98319419577,
5.7562029046,6.30363453637,
5.04763430519,5.81336492039,
4.79358702885,6.21227459898,
4.91859003846,5.66093672203,
5.54495899325,6.10965799477,
5.2601498623,5.26211783572,
4.88535127842,5.99291377412,
4.68391490241,5.98688934559,
5.11305672251,6.53882270637,
4.95475115433,5.93020634261,
4.65329445072,6.60174188343,
4.92893132031,6.23621097905,
5.25506546671,6.23442883567,
5.69269248118,6.65801224469,
6.14424222953,6.39884561247,
5.378999198,7.2466256717,
5.51413335129,6.41530865002,
5.08154527324,5.7502702151,
6.30800360895,6.20807097093,
5.96265879211,6.05445026354,
5.2043560086,5.76595869417,
5.45375390164,5.75615126921,
4.75707688246,6.14845914314,
5.99530313283,5.34212664929,
5.5774175577,6.25485627664,
6.20793670604,6.61206536747,
5.41244526152,7.09425985605,
5.45246989163,6.46699396972,
5.2068026657,6.04256328327,
6.1897300965,6.15634671283,
5.41700147409,6.14637165607,
5.39787459531,5.96407069049,
5.44767796705,5.90164622802,
5.51009506914,6.65516556192,
5.67216062018,6.41224189294,
6.1387350013,6.29673480592,
5.48745177045,6.12071394511,
5.66178321379,5.94650468303,
5.48254890027,6.29034580367,
5.62443054623,6.12857293464,
5.23722476314,6.26856569278,
5.57855487813,5.99775484383,
4.83519303991,5.92206500293,
5.32517215432,6.28223623522,
5.71887713345,6.43727421875,
4.94443118135,5.60256928191,
6.08084463089,6.62980947684,
5.82133423358,7.21343543721,
5.81192497142,6.30536933642,
5.65494116323,6.04860005365,
5.82111225789,6.00304314949,
5.79601594541,5.38464216804,
5.1374800526,5.76235642991,
5.38720741517,6.1297463569,
4.92251761371,6.59608703136,
5.52399582585,5.33701271762,
5.71261102986,6.32780144875,
6.28281526047,5.83052172667,
6.35289587245,5.50566116041,
5.51670028309,5.43495140266,
5.6124793402,6.49972040164,
6.49528802049,6.33020608012,
5.83029877171,5.98398201512,
3.69865216057,5.72515375958,
5.39143260467,6.95443807187,
5.38080436932,7.04510263168,
5.85808268816,6.16351667363,
5.49422529804,6.00027322529,
5.1760337326,5.89103869379,
4.79726763336,5.97877130976,
5.44646341266,6.62585239476,
5.65354481581,6.52492371515,
5.39088905359,7.46723222851,
5.29396770946,6.32216947576,
4.80739358957,5.84792926008,
4.51547486604,5.91798174729,
4.89886377024,6.09005717587,
5.42432718287,6.0733412759,
5.1028103152,6.17001818485,
5.204101934,6.40721641497,
5.34049240445,6.40907578295,
4.72747719187,6.66787491284,
6.22367833233,6.76396999531,
6.06530498211,6.19598880924,
5.25433142655,6.3316836014,
5.47779274086,6.16221654612,
5.18711289184,6.02948298617,
5.46756088951,6.06736368908,
5.48094278771,6.32775875016,
5.32009894485,6.20912597503,
5.57309789594,6.2742688451,
5.92257709029,6.37705871264,
4.99735972466,6.56118896213,
4.93098685792,6.54851774469,
5.58613791432,6.52886098201,
4.79699212733,6.83365390112,
4.88592114834,6.05141089909,
4.58166601342,6.76751584681,
5.33024895125,5.84036574616,
5.80116827756,6.97737958164,
6.4660134902,7.37071594136,
5.72335037096,5.7449110566,
5.39690375694,5.77148671398,
5.3594031326,5.55776320413,
5.18040428281,4.72339937845,
5.35821739096,5.95756497011,
5.25376836059,7.95789806314,
5.21291672418,5.58368853753,
5.15324710796,6.919890935,
5.36327697289,6.95573355095,
5.30591118939,5.60240443012,
5.15234520074,7.12761585135,
5.06153374839,5.86898546372,
5.36165540226,5.6848629109,
4.86710136522,7.21361338106,
4.63631099199,6.09290421404,
4.89876397964,7.03168790342,
5.02230523518,5.78721757685,
5.30795744108,5.90382357949,
5.20393629225,6.63594411615,
5.24299956955,5.84921473571,
5.46337584061,5.49888864916,
6.48846709036,5.96162819506,
4.97897331616,6.52181940886,
6.30368579882,6.69980951153,
5.22972635197,7.80857288222,
5.09804746301,5.05677342097,
5.15736274676,6.20241146372,
5.09484985361,5.93034144939,
5.80631989785,5.79541092449,
5.08574082551,6.0879840291,
6.03549759289,5.94719291812,
5.24258669265,5.84758704669,
5.14814498582,5.85701631052,
5.3333061208,5.77743841417,
4.8045012763,5.63848036365,
6.22601741041,5.37385016831,
5.54071087849,5.96049634709,
5.38552161602,6.09525844671,
4.83271941673,5.13428892707,
4.91147128495,5.73352861944,
6.17005260513,5.51724488289,
5.05237869769,4.97027774133,
5.00415253913,5.60732278758,
4.40139988188,5.583796424,
5.07251553358,5.50134404088,
4.82937823434,6.36716445299,
5.27393421152,6.91797645621,
4.72500128272,6.49168057773,
5.08961039737,6.50628839141,
4.93731278278,6.37279479139,
5.26096496366,7.03408612935,
5.68374232801,7.76223721945,
5.96922986771,6.77499347192,
5.92440299844,6.44752714337,
5.1468241775,6.44402281787,
5.92513713587,6.65181099377,
5.53548691493,6.23558770362,
6.12629690046,5.73417273057,
6.24201093798,6.16110176485,
6.20402383149,5.7232437619,
5.50461551637,6.49140459928,
5.07871517954,5.91006149985,
5.84628725796,6.50864196817,
5.41711476323,7.99564350817,
5.54251377417,6.16080453716,
5.57607135862,5.92367058893,
5.42173820409,5.63934424464,
5.59597851257,5.94625234452,
5.73472299405,6.10667725702,
5.60293598427,6.03574522639,
5.27457157087,6.19142831578,
5.56044873987,6.14649146383,
4.08810936807,6.05993303838,
5.47692383178,6.09790717803,
5.11246188022,6.57060532163,
5.42112853513,5.97773063667,
5.61765994631,5.89113176337,
5.6051109293,6.75612954801,
5.86471217614,6.14528138669,
5.39201547039,6.90784127155,
5.45429908486,6.27419157458,
5.71636601929,5.87803016769,
5.64806546337,6.41598092731,
5.79486875945,7.17666430921,
5.78504024427,6.00802291569,
4.59014321047,6.2717155689,
5.21060893568,5.46496221279,
5.15035960246,5.63894494068,
5.84107981757,5.79702434559,
5.93969485452,6.20669463691,
5.5204590872,5.58018256321,
5.95123079253,7.59561772996,
6.51810360282,5.84272148647,
4.84756683259,5.62410588707,
5.29739654831,5.75335386107,
5.81236914848,5.80515429797,
7.19578860371,6.02912433559,
5.51249428171,6.19621091984,
5.88452759272,5.87778172578,
5.83635641796,5.87702158137,
5.22362491708,5.87658330045,
5.33336268319,5.82472347615,
5.9581473983,6.67711202577,
6.05792729113,6.39323358227,
6.36919693396,6.48740559823,
5.00500898273,6.64908199049,
5.65726615059,8.5177682895,
5.0723000093,6.39171897403,
4.78745770129,6.58772307376,
5.11325044911,6.02945544529,
6.31728263268,5.95915335436,
5.00825292439,6.74134391021,
5.48623839548,6.40370533381,
5.62855419807,6.11606317324,
4.97009197883,5.99897830758,
5.64775275105,5.95974656462,
5.31571363491,5.70393871621,
5.29110599931,5.53305506794,
5.52737457843,6.80515615753,
5.38975498192,6.83403450713,
5.44485976076,5.98028362686,
5.40214507555,5.9096309181,
5.308845669,5.86412991361,
5.51227885596,6.76736853068,
5.62323675165,6.25466610588,
5.43796527353,6.49095817945,
5.27370462769,6.66112534219,
5.23213955087,6.1490838586,
5.55404471866,6.28547553288,
5.47115216124,6.41715787029,
4.85479868257,6.78136449541,
5.32385664699,5.1104432132,
5.20204811081,6.30403867898,
5.18170235965,6.24011654229,
5.55358867272,6.3240936483,
5.01391759571,6.49435424009,
4.6671746407,6.5806231717,
5.23169191411,6.59615080003,
5.23957638485,6.89151389901,
4.61263624224,7.15195394666,
5.71757789296,5.76731166052,
5.21710622875,6.64765200869,
4.99472112868,7.3164099282,
5.82923875028,6.53905438446,
4.64504776712,6.9299288472,
5.23218839224,6.56625925697,
5.3882498225,6.28305681353,
6.10888543275,7.90019488677,
5.37559410854,6.226155935,
5.41204078741,7.11347708412,
5.93837728765,5.01897746899,
5.46948973565,6.83927609561,
5.49665005875,7.20419020868,
6.00134501435,6.07109886806,
5.48817826696,6.98665945586,
6.17220117943,6.71666243249,
6.66362686823,5.27522527397,
5.45670321701,5.39659912505,
5.70292806859,6.1859419925,
5.19337961475,6.14531565477,
5.93626816514,6.88960862897,
5.35439277596,6.06354012359,
5.5405759726,5.3704739585,
5.3440498098,7.13485951119,
5.00759875549,6.08330729729,
4.79719839834,6.10832400494,
5.99917730051,6.06461844979,
5.29454531998,6.33311215889,
5.54258164306,5.92143670115,
5.65952745646,7.48650847525,
5.34452196205,6.27505518999,
5.35337112633,6.15874369693,
5.37210063985,6.46076081449,
5.32929086186,6.53188320862,
5.53903720679,6.20837570043,
5.00520368574,6.2551552476,
5.01654125775,6.81959675395,
4.98418314565,6.80626199057,
5.58049744123,6.98236212623,
5.61263343133,7.66562578645,
4.57120102338,5.84067702571,
4.94998491175,6.59066211226,
5.29381294811,6.30544402835,
5.64266870046,7.35147459363,
5.33239916064,4.47836109115,
5.30925732944,7.16085299783,
5.22704468812,7.22650732478,
5.42819984154,5.89220453551,
5.99039954186,5.55277972574,
5.25927115226,5.90015523646,
5.46050988417,6.07801371795,
5.01079118837,5.94935484024,
4.9552441069,6.20074200158,
5.08409287531,5.75924389655,
5.87345678097,4.9403179996,
5.37662168108,6.32936677108,
5.02445016792,6.29027962329,
5.33963035711,5.83771446207,
5.34365310257,6.24092737371,
5.13655779179,6.07738201963,
4.8800106842,5.44567100522,
4.93208129402,5.35106029366,
4.71192548727,5.64163784984,
4.74458945581,5.52411063391,
4.7970008496,5.95047599387,
5.33562891689,5.59046402847,
5.07648579626,5.51022880804,
5.27332310916,5.35887256403,
5.34110864071,5.53648892954,
5.24381063627,6.09949277099,
5.1970613052,5.56570863526,
5.84281146525,5.99999652235,
5.01873128463,6.42459074748,
5.71389124455,5.91871685456,
5.30860396069,6.40418462644,
5.49915308337,5.64670527521,
5.30534097017,5.83614009088,
5.84515880914,6.23806552683,
5.3830121148,5.73632783958,
5.13173590336,5.2192787082,
4.65336632939,7.9462752697,
6.62462968616,5.92918928782,
5.69501287833,6.75178665534,
5.59853125991,6.73327870911,
5.54637484802,7.46782775067,
5.73982748488,5.01095407306,
5.37181765989,5.6546144487,
5.42141432582,6.56897890307,
4.86444773881,7.40502239754,
5.37324876261,5.76766750127,
4.6113982434,6.57859866218,
5.50909419391,6.97016735055,
5.48031962629,5.65461851039,
5.28792149264,6.31216717939,
5.07929013514,6.90214988039,
5.32348351651,7.58393583352,
5.17208486605,6.76728262065,
5.77610702712,5.72107269753,
6.06918726647,7.36735418395,
4.87032492873,7.29168321852,
4.79981267526,5.36731828035,
5.64877066677,5.24120741254,
4.94431286625,6.83140763708,
6.132837533,7.43880880458,
5.97506425132,7.05803003882,
5.91933454699,5.85998443017,
5.68137282962,7.62718304648,
5.47557304136,6.33129371314,
5.31672588726,7.50239236564,
6.09407930894,5.9415214609,
5.61982864391,6.33150884842,
5.77338071594,6.15703274159,
5.98494354417,5.79892608843,
6.14501366029,5.64452257048,
5.80973074476,6.48946889781,
5.81753895395,5.64100915621,
5.98158068132,7.01162652613,
5.75522831252,5.87650214759,
6.59303407903,5.82970613745,
5.57304288555,6.39034500579,
5.77392531358,5.78919828644,
6.23905077571,6.12295634536,
5.62755281465,6.17197510391,
6.37304385731,7.74435446313,
5.91214776925,6.00065927006,
5.49995568409,6.04603999278,
4.97008958397,8.01328024883,
5.3106935544,6.65163381263,
5.34791622896,6.05693862077,
5.46115371866,6.94623917486,
6.51514742951,6.23890047298,
6.41435273609,6.10945520337,
5.56569437034,5.97054991861,
5.29958556658,6.31440723816,
6.03587054693,6.52478241308,
4.96890920317,6.51866377332,
5.52679286226,6.14213442677,
5.59043255014,6.49621245932,
6.21171948632,6.35422620986,
6.95421090232,6.35290455957,
6.31813015316,6.28178287505,
5.26960214797,6.62138069097,
5.55858574041,6.54712302795,
5.8306551578,5.65043416778,
4.96726621521,7.52502144974,
5.59309558544,7.55724924744,
5.26925848019,6.29443045923,
5.98099540054,6.40569005267,
6.68315022127,7.47588616241,
4.57632783527,6.88728843727,
5.63867590994,6.19279437553,
6.39767101336,6.1795490135,
5.26550406712,6.15665056795,
5.42128991518,6.5575484936,
5.10310314035,6.52087588506,
5.08744687355,6.21748708579,
5.23242002927,6.91049853076,
5.39705583023,6.23049917671,
6.40496964346,5.92980294395,
6.24122025191,6.06779417528,
4.83232930688,6.04532496947,
4.98584574943,5.61939625532,
4.90532584946,5.43980554603,
6.2705113814,5.79147211378,
5.80958807955,5.50447232981,
5.49416847373,5.41376371335,
5.06507332845,6.18293340631,
6.23972709506,5.91240815365,
5.05774167805,6.15193293662,
5.54111133099,7.1089020746,
6.59252183986,6.7211177851,
5.2771880432,5.59067588546,
5.28167611797,6.06663315123,
5.62857109933,6.00704124114,
5.96238530318,6.15621815908,
5.39825716742,6.44021402701,
6.04083229814,7.24413159378,
4.84187614614,7.1679251364,
5.71653291278,7.26875031143,
5.78970599663,7.43313570283,
5.10117283789,5.82747806812,
5.37951974132,6.34291331893,
5.13546935539,5.86514950239,
5.11657175802,6.6826967011,
6.10088748325,5.43975223523,
5.62251972077,6.23302964369,
5.04109677696,6.33990139899,
5.94018941752,6.22949548874,
5.3205345225,6.06594248519,
4.79332221199,5.84492008242,
6.09265884964,6.31261375231,
6.06683519389,7.73580964465,
4.5706877575,7.03939151447,
5.34019567914,6.45382308774,
5.10282192874,6.90746574177,
4.62617003463,6.20132355813,
5.35099021815,5.84299530607,
5.51881145945,5.9037734921,
6.23751702426,6.32708570707,
5.30451779518,5.29652016985,
6.24582225519,6.04427103676,
6.07978054628,5.65840502828,
5.38868235991,5.86997561099,
5.36764268631,6.07112648262,
6.1587648406,5.63643834534,
5.53234816557,6.70941059831,
4.91402443114,7.69486800028,
4.94723885853,6.28362756176,
4.93576219507,6.3031856898,
5.25701000361,6.29724162797,
5.82196551488,6.262205391,
5.36595595407,5.94381525539,
5.27106155037,6.41524262515,
4.82954600213,6.23287589906,
5.2067898226,6.36560141057,
5.33287115435,6.24453044529,
4.90138078768,6.37234419972,
5.05590115163,6.12259233782,
4.76438412847,6.33186646465,
5.26967183342,5.55431489803,
5.69000850316,5.37872774377,
5.15898051986,6.08459382045,
5.2275849293,6.2748264504,
4.530510496,6.14265046389,
5.27722023556,6.55805414174,
5.25016778439,6.34489082787,
4.75117343222,6.38258769705,
5.75424295379,6.22418975975,
3.73861438045,5.70177228251,
4.88599234666,5.80729338899,
6.15423502542,6.19327209421,
5.04171591063,5.88096235964,
5.26432455374,5.84276997972,
6.16504476461,6.48372539903,
4.70174025371,6.21419378804,
5.76508683429,5.76755600625,
3.99761246454,6.2424369087,
6.39504970351,6.10312673478,
6.09394308337,6.18780620612,
5.69556655427,6.67404662151,
6.00657561068,6.58150720639,
6.02978717265,6.75390712986,
5.20495928764,6.68267176666,
5.28909753988,6.3344550505,
6.47680843108,5.91716700142,
5.53109807536,7.57149484314,
6.18151906724,6.08157085423,
5.32877603701,6.38502972049,
5.54998961482,6.41414684798,
5.88479129999,6.49142716858,
6.09393696288,6.88260826946,
4.87533478802,6.11462335245,
5.24849021448,6.20753821594,
5.61225297645,6.0459753141,
6.19566893546,6.13399340887,
5.51677664769,6.42137209783,
5.83251116258,6.26103959722,
5.3460720218,5.78217662551,
6.74606304502,6.30520678847,
5.33979831048,5.4749727506,
5.12332756474,6.23621273162,
6.01568119727,6.24201308274,
4.63455944417,6.24975992784,
6.34767846211,6.3619232262,
5.09125331594,6.35741994174,
5.11783075314,6.36122963023,
5.76974047906,6.345288041,
4.93450135466,5.95864290866,
6.68930297683,6.5008714144,
5.43115647976,5.86223311091,
5.02735886216,5.97216369284,
5.9461943373,6.20730995582,
4.87419691839,5.22036179468,
5.7501053531,5.65331575345,
5.43320227076,5.92356261887,
4.74349374526,5.67398181533,
5.524265032,5.2982530233,
6.08589033771,7.03467633441,
5.08837927874,5.66478288417,
5.49821743879,5.98541668652,
5.15263600817,6.12509680072,
5.23028526805,5.69529822649,
4.9110157676,5.6744875702,
5.32100990477,6.76579559584,
5.25323489492,5.90470896753,
5.35337105664,5.92951356463,
4.74961486684,6.714680035,
5.50653949228,6.30449512141,
5.4998830812,6.69227624819,
5.19108383478,7.481210415,
6.33033318467,6.26497640454,
6.19997571398,5.94368622658,
4.99020124987,7.58987943862,
6.0783130748,6.4308612485,
5.01934425646,6.51364361971,
5.57407958497,6.57200421715,
5.47811726129,6.61144369609,
6.10404068078,6.99367563664,
6.13651251323,5.66901559279,
6.07614399763,6.94211117068,
5.39693858284,6.61198850125,
5.14958163528,5.54605127754,
6.09069961083,7.72020232727,
4.38886626995,6.59110836095,
6.58880409667,6.99245779843,
5.20259245037,7.16604721476,
6.14748436092,7.03578511958,
6.2789181242,7.77843176637,
6.11911784202,6.19394262076,
5.64022830646,6.05905409962,
5.34814831023,7.66050501518,
5.38839360298,7.74355745213,
5.52933669015,6.57203295527,
4.43506784402,5.17826622154,
5.63463763516,5.73575781737,
5.39927494106,5.88567469743,
6.18156087161,5.75247725729,
6.18038551254,5.02352756516,
5.78527863724,5.42953530002,
5.31293554676,5.68180769952,
5.22556918326,5.67135785458,
5.15481760974,5.67605071231,
4.93654490269,5.76653427901,
5.65032597804,6.394543539,
4.98863919886,6.13490163048,
5.79030864206,5.82567901027,
5.3714979833,5.72272562812,
5.04831861994,5.65624093184,
6.41402875204,5.67096876307,
6.21746002968,6.35424633097,
6.00468073963,6.52624644132,
5.51180418995,5.79210877462,
5.88806689978,5.16677392987,
5.21834548788,5.2201575423,
5.29189156572,6.4058028863,
5.50157556804,6.35923655693,
5.52021383223,6.36544487632,
5.40175360785,6.32531839835,
4.68631349976,6.73477241473,
5.21142519662,6.92127120338,
5.3013551543,6.8555204325,
5.86702357198,6.13709104962,
4.4798167422,5.95308200687,
5.66431197211,7.00188229325,
5.68755478265,6.55050435787,
5.96529998044,6.92834271269,
5.28567823879,6.18593370886,
5.24856245297,6.07711438821,
5.29555013553,6.58854726538,
5.12323444589,6.86094662631,
5.132557907,6.32992724226,
6.41598305502,6.41379026883,
5.41813579061,6.32049362271,
6.48821322708,6.79339537687,
6.11232837025,6.05479132505,
4.60139050129,5.33908806395,
5.1119138618,6.77405750789,
5.74175340102,6.2809303684,
5.28862993049,6.31972800771,
5.59590131951,6.37720095136,
4.96492965295,7.64247647043,
5.24612947878,6.16660220398,
5.24993005179,6.75424652091,
5.62257178029,5.84934762913,
5.164490026,6.22816451077,
5.47685045828,6.26591405292,
5.53902193341,6.35028833579,
4.38254867855,6.02196216051,
5.56900463188,5.9230815297,
5.64018771037,6.2091377233,
5.68881079449,6.22500889294,
4.97354455634,6.27418995362,
5.50650416551,5.98314934039,
5.20801752016,6.19450905727,
5.43702606953,5.78652032592,
5.60190587971,6.59591550156,
5.31738500207,6.43977368882,
5.9299963353,5.5620029452,
4.54581723079,7.17865160693,
5.86432136469,4.92291657853,
5.73265930112,6.47913618575,
4.99956111075,6.20822076103,
5.36649825069,5.47661899775,
5.50895683492,6.01733750578,
5.25132960893,5.90483271899,
5.82764021725,6.18347618792,
6.12918348082,6.25425877517,
5.32464258155,5.83915672944,
5.19680858606,5.76678270622,
5.33708619403,5.77773250283,
5.4690111745,6.004330677,
5.46239059258,5.78842238816,
5.71656133598,5.32638826952,
6.19197927533,6.48043345182,
5.45839298823,6.05097726879,
5.40301235556,5.68322069708,
5.21611168402,6.76605172367,
4.00550510283,5.8772622731,
5.34011114434,5.7650815812,
5.75978039366,5.99205286881,
5.39772881689,6.35470574493,
5.46767960869,5.83876339906,
5.12574847691,6.16803879431,
5.08488127198,6.35645374602,
5.58133619316,6.23173382701,
5.3224187873,6.24435278194,
5.44652093413,5.9545823422,
5.29506611526,6.1081379672,
5.47510049323,5.96618988621,
5.88495782268,6.05730911098,
5.40467414586,6.36326555802,
5.52953358795,6.70575096445,
5.12471908752,6.09427810056,
5.19559293662,6.46385801632,
5.73410441749,5.69934402498,
5.20941432712,6.16148320008,
5.24491782775,6.34914881946,
5.57695090039,6.43109281045,
5.48840218726,6.10301982171,
5.41937658227,6.05794245188,
5.46339127652,5.91134017423,
5.01068816972,6.08026443306,
6.26556214696,6.11048442857,
4.97725547086,6.28236317878,
5.90091988142,6.82116428798,
5.14819419454,5.96270465711,
6.89204234557,6.09681162709,
5.63507010247,6.20764208929,
5.26823750981,5.88348560095,
4.89565925575,6.39132234726,
6.010860681,5.92685927515,
5.19888324618,6.43185007404,
5.25487394259,5.18759302544,
5.45149420596,5.94018457806,
5.30467661684,5.91173146141,
5.85751087792,6.39168197836,
5.94207865959,7.80530892851,
5.35017389148,5.72321540002,
5.45551621738,6.21982772469,
5.34377542246,7.97052679408,
5.44187969385,6.01046890544,
5.28573524844,6.08313259311,
5.00385523926,6.33734331995,
5.35804455378,7.34575144487,
5.38590001564,5.90660401381,
5.21674138014,6.07515215885,
5.44557513519,5.81795612493,
5.16578050778,6.29895567983,
5.35381544584,5.93039335537,
5.43592324416,6.10914411872,
5.39988976575,6.39965385836,
5.52986923531,5.77250616381,
5.35000425664,6.1027209009,
4.83876986559,6.05521644234,
5.11688232568,6.14795655585,
5.27635584456,6.99715639129,
5.69591600102,5.96078817113,
5.07661907972,5.98135952164,
6.32119933745,6.19383017835,
4.97520367896,5.85397854812,
6.23772715577,6.04406784022,
5.07491842086,5.88864030829,
7.02535501996,6.46015658833,
4.78538023602,5.87997359578,
5.16728282157,6.00825772524,
5.19926471438,6.00385982176,
5.61089274139,6.14803034788,
5.14814019631,5.20250977732,
5.2919471996,5.94910569849,
5.49411280094,6.08776471006,
5.24346203092,7.56116586224,
6.11104652742,6.27891228829,
6.6224579077,5.99193886737,
5.09218652068,6.20743312995,
5.14416713601,7.44029375551,
5.27189277465,5.65229288164,
5.64243229194,6.30855608845,
5.60825163202,5.53226944896,
5.25051733022,6.29064217844,
5.38648308772,5.87693409113,
5.48703776094,6.62654989238,
5.50664568758,5.91749179062,
5.39985622817,5.79613845513,
5.18253796799,5.7593832468,
5.25995613573,6.07991741286,
5.2394998916,6.07294950848,
5.14073256794,5.48094472439,
5.37477737773,6.18782975665,
5.57708957793,6.47579903825,
5.17514120276,6.70847582194,
7.02023416479,5.64714804915,
5.28207857254,6.08416965864,
6.58394593835,6.53021176306,
4.88724871787,5.75188132788,
5.7128940663,6.20959970203,
5.47052108125,6.55534937361,
5.69767267185,6.31619605729,
5.40313248686,6.4450304546,
5.47092438955,6.1014295667,
5.28837125454,5.90360288555,
5.12244544264,5.90032709168,
5.17881862038,6.63940411182,
6.91226302145,6.79865886054,
5.00529180152,6.05293245816,
5.53974915002,,
5.06763962325,,
4.90895111335,,
5.76213533091,,
4.74568405251,,
5.37262957018,,
5.40680991811,,
6.29310866087,,
4.56620472248,,
5.4449850564,,
5.21339611855,,
5.08787095392,,
5.65624565389,,
5.90532480832,,
6.71837866957,,
5.03024669591,,
5.26437801031,,
5.8807914776,,
6.46114105708,,
4.81514998393,,
6.19662619087,,
5.31716313234,,
6.10407828247,,
5.6188155308,,
5.58255772224,,
5.58053759518,,
5.66205802026,,
5.92106356251,,
6.94922768028,,
4.96044440788,,
4.58456107006,,
5.56463255776,,
5.25734524263,,
5.56689500678,,
5.23314517078,,
4.86945492543,,
5.26614211604,,
5.29467583277,,
5.84576452591,,
4.87966817812,,
5.36292796366,,
5.83629110916,,
5.49777487545,,
5.671112285,,
5.77251304907,,
5.64405230261,,
5.76655705483,,
5.2503401159,,
5.35198611306,,
4.84078136476,,
5.10643441222,,
6.43031480281,,
5.55731578693,,
5.07293117991,,
5.29089633136,,
5.21867924546,,
4.86597725152,,
4.87992270103,,
4.81407260736,,
5.17812700949,,
5.01300054513,,
4.95056509447,,
5.36301734548,,
5.31659055399,,
4.86311098335,,
6.29139363597,,
5.69644702211,,
5.68846876396,,
5.53720810028,,
5.00882255845,,
5.74633049641,,
6.36417921193,,
5.5927629867,,
4.52178892282,,
5.71777381085,,
5.39847623439,,
5.68533213829,,
5.36188355823,,
4.87164203045,,
5.29819593695,,
5.74729105018,,
6.0036815884,,
5.32066267415,,
5.69768916328,,
5.98314709774,,
5.48034908562,,
6.04968495743,,
5.58362533291,,
5.02471952707,,
5.31178635453,,
5.38385982734,,
6.42936000813,,
5.43178016476,,
5.66946319739,,
6.15008650199,,
5.51191336106,,
4.96261628644,,
5.35408134458,,
6.22803413246,,
5.67834218204,,
6.46048972295,,
5.20183798387,,
6.55237886885,,
4.6979981574,,
5.76795537803,,
5.10460655049,,
5.11119812232,,
4.94174082432,,
6.08141175734,,
5.17548279713,,
5.13328042517,,
5.98876037039,,
4.73599337589,,
4.89948563077,,
5.11890903992,,
5.69395710144,,
5.59393678461,,
5.65566658355,,
5.60259294525,,
5.32609092311,,
6.01651209935,,
5.39836108912,,
5.47297316013,,
5.59271777744,,
5.43361131137,,
5.009559597,,
6.50149024327,,
5.52010087547,,
5.49242289962,,
5.46083158724,,
5.35651284002,,
5.6724320543,,
5.2880988583,,
5.38321635524,,
5.43167036243,,
4.73801627124,,
5.29411167687,,
5.64174301065,,
5.46022611682,,
5.59348948601,,
5.82729794599,,
5.49246729008,,
5.53769162563,,
5.95586846773,,
5.29777759618,,
5.4337033862,,
5.63059095011,,
5.55022538492,,
5.35327365041,,
5.4035249773,,
5.30330572592,,
5.1945218546,,
5.24970131464,,
5.33502767591,,
5.06870081835,,
5.05937774042,,
5.15424959173,,
5.46022312578,,
6.10082176058,,
6.44854687081,,
5.06588128835,,
5.1885588232,,
4.88820981879,,
4.85657766693,,
5.18753372121,,
5.17012755567,,
5.22516312577,,
5.50503495632,,
5.46383589848,,
5.26780632959,,
5.24238486099,,
5.31473168602,,
4.80326008411,,
6.40854124965,,
5.27857734239,,
5.22860212422,,
5.23933985597,,
6.11909646129,,
5.19041061266,,
5.48833641033,,
5.07413817213,,
5.48658056714,,
5.78636519794,,
5.98442489101,,
6.58191451789,,
4.84918069729,,
5.35765582432,,
5.52037048987,,
5.41116189184,,
5.50982772666,,
5.20021378373,,
5.37730684226,,
5.17551983609,,
5.1638393567,,
5.45955633086,,
5.1941524271,,
5.20812581355,,
5.00640206703,,
5.6396203236,,
